{"SURVIVAL":{"armorContents":{},"bedSpawnLocation":{"==":"org.bukkit.Location","world":"BoxPvP","x":-137.5,"y":93.1,"z":223.5,"pitch":0.0,"yaw":0.0},"enderChestContents":{},"inventoryContents":{"0":{"==":"org.bukkit.inventory.ItemStack","v":3337,"type":"NETHERITE_PICKAXE","meta":{"==":"ItemMeta","meta-type":"UNSPECIFIC","enchants":{"DIG_SPEED":100},"Damage":182}},"1":{"==":"org.bukkit.inventory.ItemStack","v":3337,"type":"EMERALD_BLOCK"}},"offHandItem":{"==":"org.bukkit.inventory.ItemStack","v":3337,"type":"AIR","amount":0},"potions":[],"stats":{"ex":"1.695999","ma":"300","fl":"17","el":"0","xp":"0.0","hp":"12.333333969116211","txp":"0","fd":"0.0","sa":"0.0","ft":"-20","ra":"300"}}}