{"stats":{"minecraft:picked_up":{"minecraft:emerald_block":59,"minecraft:wheat_seeds":1,"minecraft:flint":1},"minecraft:custom":{"minecraft:time_since_rest":25376,"minecraft:crouch_one_cm":129,"minecraft:sprint_one_cm":40656,"minecraft:play_time":174015,"minecraft:damage_taken":235,"minecraft:walk_one_cm":308756,"minecraft:sneak_time":941,"minecraft:walk_under_water_one_cm":15107,"minecraft:drop":1,"minecraft:jump":360,"minecraft:leave_game":16,"minecraft:walk_on_water_one_cm":335,"minecraft:time_since_death":174015,"minecraft:sleep_in_bed":1,"minecraft:total_world_time":174015,"minecraft:fall_one_cm":3377,"minecraft:fly_one_cm":265556},"minecraft:dropped":{"minecraft:barrier":1},"minecraft:used":{"minecraft:deepslate_bricks":542,"minecraft:oak_log":6,"minecraft:quartz_bricks":973,"minecraft:polished_blackstone_bricks":547,"minecraft:water_bucket":10,"minecraft:lava_bucket":17,"minecraft:quartz_pillar":287,"minecraft:crimson_stairs":48,"minecraft:barrier":49,"minecraft:netherite_pickaxe":182,"minecraft:black_bed":1,"minecraft:stone":6,"minecraft:quartz_stairs":73,"minecraft:crimson_planks":29},"minecraft:mined":{"minecraft:gravel":1,"minecraft:emerald_block":182}},"DataVersion":3337}